Date/Time,Category,Details
10/21/2025 - 19:08:16,SYSTEM,Connecting to Database...
10/21/2025 - 19:08:17,SYSTEM,Database connection established.
10/21/2025 - 19:08:17,SYSTEM,Retrieving table column metadata and creating enum files...
10/21/2025 - 19:08:18,SYSTEM,Enum files generated.
10/21/2025 - 19:08:20,DASHBOARD,Initializing Dashboard...
10/21/2025 - 19:08:21,DASHBOARD,Dashboard initialized.
10/21/2025 - 19:08:27,SYSTEM,System Launched.
10/21/2025 - 19:09:34,SYSTEM,Connecting to Database...
10/21/2025 - 19:09:35,SYSTEM,Database connection established.
10/21/2025 - 19:09:35,SYSTEM,Retrieving table column metadata and creating enum files...
10/21/2025 - 19:09:36,SYSTEM,Enum files generated.
10/21/2025 - 19:09:38,DASHBOARD,Initializing Dashboard...
10/21/2025 - 19:09:38,DASHBOARD,Dashboard initialized.
10/21/2025 - 19:09:45,SYSTEM,System Launched.
10/21/2025 - 19:35:43,SYSTEM,Connecting to Database...
10/21/2025 - 19:35:44,SYSTEM,Database connection established.
10/21/2025 - 19:35:44,SYSTEM,Retrieving table column metadata and creating enum files...
10/21/2025 - 19:35:45,SYSTEM,Enum files generated.
10/21/2025 - 19:35:48,DASHBOARD,Initializing Dashboard...
10/21/2025 - 19:35:48,DASHBOARD,Dashboard initialized.
10/21/2025 - 19:35:54,SYSTEM,System Launched.
10/21/2025 - 19:37:23,SYSTEM,Connecting to Database...
10/21/2025 - 19:37:24,SYSTEM,Database connection established.
10/21/2025 - 19:37:24,SYSTEM,Retrieving table column metadata and creating enum files...
10/21/2025 - 19:37:25,SYSTEM,Enum files generated.
10/21/2025 - 19:38:23,SYSTEM,Connecting to Database...
10/21/2025 - 19:38:23,SYSTEM,Database connection established.
10/21/2025 - 19:38:23,SYSTEM,Retrieving table column metadata and creating enum files...
10/21/2025 - 19:38:25,SYSTEM,Enum files generated.
10/21/2025 - 19:38:27,DASHBOARD,Initializing Dashboard...
10/21/2025 - 19:38:27,DASHBOARD,Dashboard initialized.
10/21/2025 - 19:38:34,SYSTEM,System Launched.
10/21/2025 - 19:44:38,SYSTEM,Connecting to Database...
10/21/2025 - 19:44:38,SYSTEM,Database connection established.
10/21/2025 - 19:44:38,SYSTEM,Retrieving table column metadata and creating enum files...
10/21/2025 - 19:44:40,SYSTEM,Enum files generated.
10/21/2025 - 19:44:42,DASHBOARD,Initializing Dashboard...
10/21/2025 - 19:44:42,DASHBOARD,Dashboard initialized.
10/21/2025 - 19:44:49,SYSTEM,System Launched.
10/21/2025 - 19:45:19,SYSTEM,Connecting to Database...
10/21/2025 - 19:45:20,SYSTEM,Database connection established.
10/21/2025 - 19:45:20,SYSTEM,Retrieving table column metadata and creating enum files...
10/21/2025 - 19:45:21,SYSTEM,Enum files generated.
10/21/2025 - 19:45:24,DASHBOARD,Initializing Dashboard...
10/21/2025 - 19:45:24,DASHBOARD,Dashboard initialized.
10/21/2025 - 19:45:30,SYSTEM,System Launched.
10/21/2025 - 19:45:56,SYSTEM,Connecting to Database...
10/21/2025 - 19:45:57,SYSTEM,Database connection established.
10/21/2025 - 19:45:57,SYSTEM,Retrieving table column metadata and creating enum files...
10/21/2025 - 19:45:58,SYSTEM,Enum files generated.
10/21/2025 - 19:46:00,DASHBOARD,Initializing Dashboard...
10/21/2025 - 19:46:00,DASHBOARD,Dashboard initialized.
10/21/2025 - 19:46:07,SYSTEM,System Launched.
10/21/2025 - 19:46:42,SYSTEM,Connecting to Database...
10/21/2025 - 19:46:43,SYSTEM,Database connection established.
10/21/2025 - 19:46:43,SYSTEM,Retrieving table column metadata and creating enum files...
10/21/2025 - 19:46:44,SYSTEM,Enum files generated.
10/21/2025 - 19:46:47,DASHBOARD,Initializing Dashboard...
10/21/2025 - 19:46:47,DASHBOARD,Dashboard initialized.
10/21/2025 - 19:46:53,SYSTEM,System Launched.
10/21/2025 - 19:48:39,SYSTEM,Connecting to Database...
10/21/2025 - 19:48:39,SYSTEM,Database connection established.
10/21/2025 - 19:48:39,SYSTEM,Retrieving table column metadata and creating enum files...
10/21/2025 - 19:48:41,SYSTEM,Enum files generated.
10/21/2025 - 19:48:43,DASHBOARD,Initializing Dashboard...
10/21/2025 - 19:48:43,DASHBOARD,Dashboard initialized.
10/21/2025 - 19:48:50,SYSTEM,System Launched.
10/21/2025 - 19:49:59,SYSTEM,Connecting to Database...
10/21/2025 - 19:50:00,SYSTEM,Database connection established.
10/21/2025 - 19:50:00,SYSTEM,Retrieving table column metadata and creating enum files...
10/21/2025 - 19:50:01,SYSTEM,Enum files generated.
10/21/2025 - 19:50:04,DASHBOARD,Initializing Dashboard...
10/21/2025 - 19:50:04,DASHBOARD,Dashboard initialized.
10/21/2025 - 19:50:11,SYSTEM,System Launched.
10/21/2025 - 19:50:55,SYSTEM,Connecting to Database...
10/21/2025 - 19:50:56,SYSTEM,Database connection established.
10/21/2025 - 19:50:56,SYSTEM,Retrieving table column metadata and creating enum files...
10/21/2025 - 19:50:57,SYSTEM,Enum files generated.
10/21/2025 - 19:50:59,DASHBOARD,Initializing Dashboard...
10/21/2025 - 19:51:00,DASHBOARD,Dashboard initialized.
10/21/2025 - 19:51:06,SYSTEM,System Launched.
10/21/2025 - 19:53:13,SYSTEM,Connecting to Database...
10/21/2025 - 19:53:14,SYSTEM,Database connection established.
10/21/2025 - 19:53:14,SYSTEM,Retrieving table column metadata and creating enum files...
10/21/2025 - 19:53:15,SYSTEM,Enum files generated.
10/21/2025 - 19:53:18,DASHBOARD,Initializing Dashboard...
10/21/2025 - 19:53:18,DASHBOARD,Dashboard initialized.
10/21/2025 - 19:53:24,SYSTEM,System Launched.
10/21/2025 - 19:56:01,SYSTEM,Connecting to Database...
10/21/2025 - 19:56:02,SYSTEM,Database connection established.
10/21/2025 - 19:56:02,SYSTEM,Retrieving table column metadata and creating enum files...
10/21/2025 - 19:56:03,SYSTEM,Enum files generated.
10/21/2025 - 19:56:05,DASHBOARD,Initializing Dashboard...
10/21/2025 - 19:56:05,DASHBOARD,Dashboard initialized.
10/21/2025 - 19:56:12,SYSTEM,System Launched.
10/21/2025 - 20:16:17,SYSTEM,Connecting to Database...
10/21/2025 - 20:16:17,SYSTEM,Database connection established.
10/21/2025 - 20:16:17,SYSTEM,Retrieving table column metadata and creating enum files...
10/21/2025 - 20:16:19,SYSTEM,Enum files generated.
10/21/2025 - 20:16:21,DASHBOARD,Initializing Dashboard...
10/21/2025 - 20:16:21,DASHBOARD,Dashboard initialized.
10/21/2025 - 20:16:28,SYSTEM,System Launched.
10/21/2025 - 20:17:49,SYSTEM,Connecting to Database...
10/21/2025 - 20:17:50,SYSTEM,Database connection established.
10/21/2025 - 20:17:50,SYSTEM,Retrieving table column metadata and creating enum files...
10/21/2025 - 20:17:51,SYSTEM,Enum files generated.
10/21/2025 - 20:17:53,DASHBOARD,Initializing Dashboard...
10/21/2025 - 20:17:53,DASHBOARD,Dashboard initialized.
10/21/2025 - 20:18:00,SYSTEM,System Launched.
10/21/2025 - 20:22:25,SYSTEM,Connecting to Database...
10/21/2025 - 20:22:26,SYSTEM,Database connection established.
10/21/2025 - 20:22:26,SYSTEM,Retrieving table column metadata and creating enum files...
10/21/2025 - 20:22:27,SYSTEM,Enum files generated.
10/21/2025 - 20:22:29,DASHBOARD,Initializing Dashboard...
10/21/2025 - 20:22:29,DASHBOARD,Dashboard initialized.
10/21/2025 - 20:22:36,SYSTEM,System Launched.
10/21/2025 - 20:27:33,SYSTEM,Connecting to Database...
10/21/2025 - 20:27:34,SYSTEM,Database connection established.
10/21/2025 - 20:27:34,SYSTEM,Retrieving table column metadata and creating enum files...
10/21/2025 - 20:27:35,SYSTEM,Enum files generated.
10/21/2025 - 20:27:38,DASHBOARD,Initializing Dashboard...
10/21/2025 - 20:27:38,DASHBOARD,Dashboard initialized.
10/21/2025 - 20:27:44,SYSTEM,System Launched.
10/21/2025 - 20:34:55,SYSTEM,Connecting to Database...
10/21/2025 - 20:34:56,SYSTEM,Database connection established.
10/21/2025 - 20:34:56,SYSTEM,Retrieving table column metadata and creating enum files...
10/21/2025 - 20:34:57,SYSTEM,Enum files generated.
10/21/2025 - 20:35:00,DASHBOARD,Initializing Dashboard...
10/21/2025 - 20:35:00,DASHBOARD,Dashboard initialized.
10/21/2025 - 20:35:06,SYSTEM,System Launched.
10/21/2025 - 20:40:01,SYSTEM,Connecting to Database...
10/21/2025 - 20:40:02,SYSTEM,Database connection established.
10/21/2025 - 20:40:02,SYSTEM,Retrieving table column metadata and creating enum files...
10/21/2025 - 20:40:03,SYSTEM,Enum files generated.
10/21/2025 - 20:40:06,DASHBOARD,Initializing Dashboard...
10/21/2025 - 20:40:06,DASHBOARD,Dashboard initialized.
10/21/2025 - 20:40:12,SYSTEM,System Launched.
10/21/2025 - 20:41:23,SYSTEM,Connecting to Database...
10/21/2025 - 20:41:24,SYSTEM,Database connection established.
10/21/2025 - 20:41:24,SYSTEM,Retrieving table column metadata and creating enum files...
10/21/2025 - 20:41:25,SYSTEM,Enum files generated.
10/21/2025 - 20:41:27,DASHBOARD,Initializing Dashboard...
10/21/2025 - 20:41:27,DASHBOARD,Dashboard initialized.
10/21/2025 - 20:41:34,SYSTEM,System Launched.
10/21/2025 - 20:43:28,SYSTEM,Connecting to Database...
10/21/2025 - 20:43:29,SYSTEM,Database connection established.
10/21/2025 - 20:43:29,SYSTEM,Retrieving table column metadata and creating enum files...
10/21/2025 - 20:43:30,SYSTEM,Enum files generated.
10/21/2025 - 20:43:32,DASHBOARD,Initializing Dashboard...
10/21/2025 - 20:43:32,DASHBOARD,Dashboard initialized.
10/21/2025 - 20:43:39,SYSTEM,System Launched.
10/21/2025 - 20:44:13,SYSTEM,Connecting to Database...
10/21/2025 - 20:44:14,SYSTEM,Database connection established.
10/21/2025 - 20:44:14,SYSTEM,Retrieving table column metadata and creating enum files...
10/21/2025 - 20:44:15,SYSTEM,Enum files generated.
10/21/2025 - 20:44:18,DASHBOARD,Initializing Dashboard...
10/21/2025 - 20:44:18,DASHBOARD,Dashboard initialized.
10/21/2025 - 20:44:24,SYSTEM,System Launched.
10/21/2025 - 20:46:34,SYSTEM,Connecting to Database...
10/21/2025 - 20:46:35,SYSTEM,Database connection established.
10/21/2025 - 20:46:35,SYSTEM,Retrieving table column metadata and creating enum files...
10/21/2025 - 20:46:36,SYSTEM,Enum files generated.
10/21/2025 - 20:46:39,DASHBOARD,Initializing Dashboard...
10/21/2025 - 20:46:39,DASHBOARD,Dashboard initialized.
10/21/2025 - 20:46:45,SYSTEM,System Launched.
10/21/2025 - 20:47:02,SYSTEM,Connecting to Database...
10/21/2025 - 20:47:03,SYSTEM,Database connection established.
10/21/2025 - 20:47:03,SYSTEM,Retrieving table column metadata and creating enum files...
10/21/2025 - 20:47:04,SYSTEM,Enum files generated.
10/21/2025 - 20:47:06,DASHBOARD,Initializing Dashboard...
10/21/2025 - 20:47:06,DASHBOARD,Dashboard initialized.
10/21/2025 - 20:47:13,SYSTEM,System Launched.
10/21/2025 - 20:47:35,SYSTEM,Connecting to Database...
10/21/2025 - 20:47:36,SYSTEM,Database connection established.
10/21/2025 - 20:47:36,SYSTEM,Retrieving table column metadata and creating enum files...
10/21/2025 - 20:47:37,SYSTEM,Enum files generated.
10/21/2025 - 20:47:40,DASHBOARD,Initializing Dashboard...
10/21/2025 - 20:47:40,DASHBOARD,Dashboard initialized.
10/21/2025 - 20:47:46,SYSTEM,System Launched.
10/21/2025 - 20:48:40,SYSTEM,Connecting to Database...
10/21/2025 - 20:48:40,SYSTEM,Database connection established.
10/21/2025 - 20:48:40,SYSTEM,Retrieving table column metadata and creating enum files...
10/21/2025 - 20:48:41,SYSTEM,Enum files generated.
10/21/2025 - 20:48:44,DASHBOARD,Initializing Dashboard...
10/21/2025 - 20:48:44,DASHBOARD,Dashboard initialized.
10/21/2025 - 20:48:50,SYSTEM,System Launched.
10/21/2025 - 20:49:28,SYSTEM,Connecting to Database...
10/21/2025 - 20:49:29,SYSTEM,Database connection established.
10/21/2025 - 20:49:29,SYSTEM,Retrieving table column metadata and creating enum files...
10/21/2025 - 20:49:30,SYSTEM,Enum files generated.
10/21/2025 - 20:49:32,DASHBOARD,Initializing Dashboard...
10/21/2025 - 20:49:32,DASHBOARD,Dashboard initialized.
10/21/2025 - 20:49:39,SYSTEM,System Launched.
10/21/2025 - 20:53:32,SYSTEM,Connecting to Database...
10/21/2025 - 20:53:33,SYSTEM,Database connection established.
10/21/2025 - 20:53:33,SYSTEM,Retrieving table column metadata and creating enum files...
10/21/2025 - 20:53:34,SYSTEM,Enum files generated.
10/21/2025 - 20:53:37,DASHBOARD,Initializing Dashboard...
10/21/2025 - 20:53:37,DASHBOARD,Dashboard initialized.
10/21/2025 - 20:53:43,SYSTEM,System Launched.
10/21/2025 - 20:54:59,SYSTEM,Connecting to Database...
10/21/2025 - 20:55:00,SYSTEM,Database connection established.
10/21/2025 - 20:55:00,SYSTEM,Retrieving table column metadata and creating enum files...
10/21/2025 - 20:55:01,SYSTEM,Enum files generated.
10/21/2025 - 20:55:04,DASHBOARD,Initializing Dashboard...
10/21/2025 - 20:55:04,DASHBOARD,Dashboard initialized.
10/21/2025 - 20:55:10,SYSTEM,System Launched.
10/21/2025 - 20:58:26,SYSTEM,Connecting to Database...
10/21/2025 - 20:58:27,SYSTEM,Database connection established.
10/21/2025 - 20:58:27,SYSTEM,Retrieving table column metadata and creating enum files...
10/21/2025 - 20:58:28,SYSTEM,Enum files generated.
10/21/2025 - 20:58:31,DASHBOARD,Initializing Dashboard...
10/21/2025 - 20:58:31,DASHBOARD,Dashboard initialized.
10/21/2025 - 20:58:37,SYSTEM,System Launched.
10/21/2025 - 21:02:00,SYSTEM,Connecting to Database...
10/21/2025 - 21:02:01,SYSTEM,Database connection established.
10/21/2025 - 21:02:01,SYSTEM,Retrieving table column metadata and creating enum files...
10/21/2025 - 21:02:02,SYSTEM,Enum files generated.
10/21/2025 - 21:02:04,DASHBOARD,Initializing Dashboard...
10/21/2025 - 21:02:04,DASHBOARD,Dashboard initialized.
10/21/2025 - 21:02:11,SYSTEM,System Launched.
10/21/2025 - 21:06:12,SYSTEM,Connecting to Database...
10/21/2025 - 21:06:13,SYSTEM,Database connection established.
10/21/2025 - 21:06:13,SYSTEM,Retrieving table column metadata and creating enum files...
10/21/2025 - 21:06:14,SYSTEM,Enum files generated.
10/21/2025 - 21:06:17,DASHBOARD,Initializing Dashboard...
10/21/2025 - 21:06:17,DASHBOARD,Dashboard initialized.
10/21/2025 - 21:10:59,SYSTEM,Connecting to Database...
10/21/2025 - 21:11:00,SYSTEM,Database connection established.
10/21/2025 - 21:11:00,SYSTEM,Retrieving table column metadata and creating enum files...
10/21/2025 - 21:11:01,SYSTEM,Enum files generated.
10/21/2025 - 21:11:03,DASHBOARD,Initializing Dashboard...
10/21/2025 - 21:11:03,DASHBOARD,Dashboard initialized.
10/21/2025 - 21:11:10,SYSTEM,System Launched.
10/21/2025 - 21:14:07,SYSTEM,Connecting to Database...
10/21/2025 - 21:14:08,SYSTEM,Database connection established.
10/21/2025 - 21:14:08,SYSTEM,Retrieving table column metadata and creating enum files...
10/21/2025 - 21:14:09,SYSTEM,Enum files generated.
10/21/2025 - 21:14:11,DASHBOARD,Initializing Dashboard...
10/21/2025 - 21:14:11,DASHBOARD,Dashboard initialized.
10/21/2025 - 21:14:18,SYSTEM,System Launched.
10/21/2025 - 21:17:36,SYSTEM,Connecting to Database...
10/21/2025 - 21:17:37,SYSTEM,Database connection established.
10/21/2025 - 21:17:37,SYSTEM,Retrieving table column metadata and creating enum files...
10/21/2025 - 21:17:38,SYSTEM,Enum files generated.
10/21/2025 - 21:17:40,DASHBOARD,Initializing Dashboard...
10/21/2025 - 21:17:40,DASHBOARD,Dashboard initialized.
10/21/2025 - 21:17:47,SYSTEM,System Launched.
10/21/2025 - 21:19:50,SYSTEM,Connecting to Database...
10/21/2025 - 21:19:51,SYSTEM,Database connection established.
10/21/2025 - 21:19:51,SYSTEM,Retrieving table column metadata and creating enum files...
10/21/2025 - 21:19:52,SYSTEM,Enum files generated.
10/21/2025 - 21:19:54,DASHBOARD,Initializing Dashboard...
10/21/2025 - 21:19:54,DASHBOARD,Dashboard initialized.
10/21/2025 - 21:20:01,SYSTEM,System Launched.
10/21/2025 - 21:26:45,SYSTEM,Connecting to Database...
10/21/2025 - 21:26:46,SYSTEM,Database connection established.
10/21/2025 - 21:26:46,SYSTEM,Retrieving table column metadata and creating enum files...
10/21/2025 - 21:26:47,SYSTEM,Enum files generated.
10/21/2025 - 21:26:51,SYSTEM,System Launched.
10/21/2025 - 21:26:51,DASHBOARD,Initializing Dashboard...
10/21/2025 - 21:26:51,DASHBOARD,Dashboard initialized.
10/22/2025 - 08:19:19,SYSTEM,Connecting to Database...
10/22/2025 - 08:19:20,SYSTEM,Database connection established.
10/22/2025 - 08:19:20,SYSTEM,Retrieving table column metadata and creating enum files...
10/22/2025 - 08:19:21,SYSTEM,Enum files generated.
10/22/2025 - 08:19:25,SYSTEM,System Launched.
10/22/2025 - 08:19:25,DASHBOARD,Initializing Dashboard...
10/22/2025 - 08:19:25,DASHBOARD,Dashboard initialized.
10/22/2025 - 08:24:26,SYSTEM,Connecting to Database...
10/22/2025 - 08:24:27,SYSTEM,Database connection established.
10/22/2025 - 08:24:27,SYSTEM,Retrieving table column metadata and creating enum files...
10/22/2025 - 08:24:28,SYSTEM,Enum files generated.
10/22/2025 - 08:24:32,SYSTEM,System Launched.
10/22/2025 - 08:24:32,DASHBOARD,Initializing Dashboard...
10/22/2025 - 08:24:33,DASHBOARD,Dashboard initialized.
10/22/2025 - 08:27:29,SYSTEM,Connecting to Database...
10/22/2025 - 08:27:30,SYSTEM,Database connection established.
10/22/2025 - 08:27:30,SYSTEM,Retrieving table column metadata and creating enum files...
10/22/2025 - 08:27:31,SYSTEM,Enum files generated.
10/22/2025 - 08:27:35,SYSTEM,System Launched.
10/22/2025 - 08:27:35,DASHBOARD,Initializing Dashboard...
10/22/2025 - 08:27:35,DASHBOARD,Dashboard initialized.
10/22/2025 - 08:30:06,SYSTEM,Connecting to Database...
10/22/2025 - 08:30:07,SYSTEM,Database connection established.
10/22/2025 - 08:30:07,SYSTEM,Retrieving table column metadata and creating enum files...
10/22/2025 - 08:30:08,SYSTEM,Enum files generated.
10/22/2025 - 08:30:12,SYSTEM,System Launched.
10/22/2025 - 08:30:12,DASHBOARD,Initializing Dashboard...
10/22/2025 - 08:30:12,DASHBOARD,Dashboard initialized.
10/22/2025 - 09:41:24,SYSTEM,Connecting to Database...
10/22/2025 - 09:41:24,SYSTEM,Database connection established.
10/22/2025 - 09:41:24,SYSTEM,Retrieving table column metadata and creating enum files...
10/22/2025 - 09:41:26,SYSTEM,Enum files generated.
10/22/2025 - 09:41:30,SYSTEM,System Launched.
10/22/2025 - 09:41:30,DASHBOARD,Initializing Dashboard...
10/22/2025 - 09:41:30,DASHBOARD,Dashboard initialized.
